{"alpha": 1.0, "classes": ["Adoption", "Help", "Illegal Activities", "Vaccination"], "vocab": {"illegal": 0, "dog": 1, "fighting": 2, "ring": 3, "uncovered": 4, "butwal": 5, "investigation": 6, "ongoing": 7, "adopt": 8, "luna": 9, "give": 10, "loving": 11, "family": 12, "deserve": 13, "protect": 14, "strays": 15, "vaccination": 16, "camp": 17, "bhaktapur": 18, "monday": 19, "free": 20, "rabies": 21, "drive": 22, "stray": 23, "animals": 24, "dharan": 25, "weekend": 26, "pokhara": 27, "report": 28, "suspected": 29, "poisoning": 30, "authorities": 31, "notified": 32, "abandoned": 33, "kitten": 34, "found": 35, "biratnagar": 36, "looking": 37, "foster": 38, "home": 39, "itahari": 40, "kathmandu": 41, "simba": 42, "urgent": 43, "help": 44, "needed": 45, "injured": 46, "puppy": 47, "spotted": 48, "near": 49, "immediate": 50, "assistance": 51, "month": 52, "old": 53, "vaccinated": 54, "local": 55, "butcher": 56, "illegally": 57, "killed": 58, "street": 59, "action": 60, "dogs": 61, "join": 62, "us": 63, "community": 64, "pet": 65, "event": 66, "lalitpur": 67, "crying": 68, "pain": 69, "please": 70, "friendly": 71, "persian": 72, "named": 73, "available": 74, "adoption": 75, "meet": 76, "charlie": 77, "lovable": 78, "forever": 79, "august": 80, "st": 81, "cute": 82, "pug": 83, "bella": 84, "tuesday": 85, "coco": 86, "german": 87, "shepherd": 88, "max": 89, "cruel": 90, "treatment": 91, "reported": 92, "raise": 93, "voice": 94, "campaign": 95, "happening": 96, "july": 97, "th": 98, "labrador": 99, "wounded": 100, "animal": 101, "lying": 102, "road": 103, "volunteers": 104, "urgently": 105, "beagle": 106}, "class_priors_log": {"Adoption": -1.3898005004491782, "Help": -1.3808094308893208, "Illegal Activities": -1.3855446422293447, "Vaccination": -1.3890481493165117}, "likelihoods_log": {"Adoption": [-10.174163334295654, -10.174163334295654, -10.174163334295654, -10.174163334295654, -10.174163334295654, -4.948416660582453, -10.174163334295654, -10.174163334295654, -2.159496963830712, -4.313377110829788, -3.9050670505893925, -3.9050670505893925, -3.9050670505893925, -3.9050670505893925, -10.174163334295654, -10.174163334295654, -10.174163334295654, -10.174163334295654, -4.992379784003568, -10.174163334295654, -10.174163334295654, -10.174163334295654, -10.174163334295654, -4.718842218937953, -10.174163334295654, -4.953807509217329, -10.174163334295654, -4.953807509217329, -10.174163334295654, -10.174163334295654, -10.174163334295654, -10.174163334295654, -10.174163334295654, -10.174163334295654, -2.5672788030760243, -10.174163334295654, -4.9592275766866685, -2.1754919732798776, -10.174163334295654, -4.000377230393718, -4.856043340451437, -5.050199354892395, -4.38114972591151, -10.174163334295654, -10.174163334295654, -10.174163334295654, -10.174163334295654, -10.174163334295654, -10.174163334295654, -10.174163334295654, -10.174163334295654, -10.174163334295654, -2.5672788030760243, -2.5672788030760243, -2.5672788030760243, -10.174163334295654, -10.174163334295654, -10.174163334295654, -10.174163334295654, -10.174163334295654, -10.174163334295654, -10.174163334295654, -10.174163334295654, -10.174163334295654, -10.174163334295654, -10.174163334295654, -10.174163334295654, -5.062175545939111, -10.174163334295654, -10.174163334295654, -10.174163334295654, -3.992078427579022, -4.697699782364143, -3.992078427579022, -3.992078427579022, -3.992078427579022, -3.300999500083136, -4.497409532027373, -4.000377230393718, -4.000377230393718, -10.174163334295654, -10.174163334295654, -3.9858992112130642, -4.771485952423375, -4.345217716685447, -10.174163334295654, -4.396511011072997, -4.583176353784797, -4.583176353784797, -4.324838554348795, -10.174163334295654, -10.174163334295654, -10.174163334295654, -10.174163334295654, -10.174163334295654, -10.174163334295654, -10.174163334295654, -10.174163334295654, -10.174163334295654, -4.625087249400434, -10.174163334295654, -10.174163334295654, -10.174163334295654, -10.174163334295654, -10.174163334295654, -10.174163334295654, -4.718842218937953], "Help": [-10.212918885774858, -3.9726430406040887, -10.212918885774858, -10.212918885774858, -10.212918885774858, -4.723981159618171, -10.212918885774858, -10.212918885774858, -10.212918885774858, -10.212918885774858, -10.212918885774858, -10.212918885774858, -10.212918885774858, -10.212918885774858, -10.212918885774858, -10.212918885774858, -10.212918885774858, -10.212918885774858, -4.667741441295296, -10.212918885774858, -10.212918885774858, -10.212918885774858, -10.212918885774858, -2.386874872255893, -10.212918885774858, -4.625670227374608, -10.212918885774858, -4.659959300853241, -10.212918885774858, -10.212918885774858, -10.212918885774858, -10.212918885774858, -10.212918885774858, -3.9963127846899935, -3.9963127846899935, -3.9963127846899935, -4.667741441295296, -3.9963127846899935, -3.9963127846899935, -3.9963127846899935, -4.732279962432867, -4.6755846187563215, -10.212918885774858, -2.6155225655620633, -2.3801113692499936, -2.2085533207952848, -2.386874872255893, -2.3801113692499936, -3.9726430406040887, -3.9726430406040887, -3.9726430406040887, -3.9726430406040887, -10.212918885774858, -10.212918885774858, -10.212918885774858, -10.212918885774858, -10.212918885774858, -10.212918885774858, -10.212918885774858, -10.212918885774858, -10.212918885774858, -10.212918885774858, -10.212918885774858, -10.212918885774858, -10.212918885774858, -10.212918885774858, -10.212918885774858, -4.633189059788636, -3.9400418792286906, -3.9400418792286906, -3.9400418792286906, -10.212918885774858, -10.212918885774858, -10.212918885774858, -10.212918885774858, -10.212918885774858, -10.212918885774858, -10.212918885774858, -10.212918885774858, -10.212918885774858, -10.212918885774858, -10.212918885774858, -10.212918885774858, -10.212918885774858, -10.212918885774858, -10.212918885774858, -10.212918885774858, -10.212918885774858, -10.212918885774858, -10.212918885774858, -10.212918885774858, -10.212918885774858, -10.212918885774858, -10.212918885774858, -10.212918885774858, -10.212918885774858, -10.212918885774858, -10.212918885774858, -10.212918885774858, -10.212918885774858, -4.018513494670186, -4.018513494670186, -4.018513494670186, -4.018513494670186, -4.018513494670186, -4.018513494670186, -10.212918885774858],